<?xml version="1.0"?>
<!DOCTYPE hibernate-mapping PUBLIC
"-//Hibernate/Hibernate Mapping DTD 3.0//EN"
"http://hibernate.sourceforge.net/hibernate-mapping-3.0.dtd">
<hibernate-mapping>
	<class name="it.aps.whistler.domain.Notification" table="notification">
		
		<id name="nid"  type="string">
			<column name="nid" unique="true"/>
			<generator class="assigned"/> 
		</id>
		
		<property name="whistleblowerNickname" column="whistleblowerNickname"/>
		<property name="itemIdentifier" column="itemIdentifier"/>
		<property name="timestamp" column="timestamp"/>
		
		<many-to-one name="account" class="it.aps.whistler.domain.Account" fetch="select">
            <column name="nickname" not-null="true" />
        </many-to-one>
        
	</class>
</hibernate-mapping>