<?xml version="1.0"?>
<!DOCTYPE hibernate-mapping PUBLIC
"-//Hibernate/Hibernate Mapping DTD 3.0//EN"
"http://hibernate.sourceforge.net/hibernate-mapping-3.0.dtd">
<hibernate-mapping>
	<class name="it.aps.whistler.domain.Account" table="account">
		<id name="nickname" column="nickname"/>
		<property name="name" column="name"/>
		<property name="surname" column="surname"/>
		<property name="email" column="email"/>
		<property name="encryptedPassword" column="encryptedPassword"/>
		<property name="encodedKey" column="encodedKey"/>
		<property name="encodedIv" column="encodedIv"/>
		<property name="visibility" column="visibility"/>
		<property name="followedAccounts" column="followedAccounts"/>
		<property name="followers" column="followers"/>
	</class>
</hibernate-mapping>