<?xml version="1.0" encoding="UTF-8"?>
<!DOCTYPE hibernate-configuration PUBLIC
    "-//Hibernate/Hibernate Configuration DTD 3.0//EN"
    "http://www.hibernate.org/dtd/hibernate-configuration-3.0.dtd">
<hibernate-configuration>
	<session-factory>
		<!-- Database connection settings -->
		<property name="hibernate.connection.driver_class">
			com.mysql.cj.jdbc.Driver
		</property>
		
		             <!-- Local hosted mysql database-->
		<property name="hibernate.connection.url">
			jdbc:mysql://localhost:3306/whistler_db?useSSL=false
		</property>
		              <!--Azure hosted mysql databases-->
		<!--<property name="hibernate.connection.url">
			jdbc:mysql://whistler-ingsw.mysql.database.azure.com:3306/whistler_db?useSSL=false
		</property>-->
		
		<property name="connection.username">ingsw_proj</property>
		<property name="connection.password">Whistlerdbpass2!</property>
		<!--<property name="connection.pool_size">5</property>-->
		
		<property name="hibernate.c3p0.min_size">5</property>
		<property name="hibernate.c3p0.max_size">20</property>
		<property name="hibernate.c3p0.acquire_increment">5</property>
		<property name="hibernate.c3p0.timeout">300</property>
		<property name="c3p0.max_statement">50</property>


		<!--<property name="hibernate.hbm2ddl.auto">create</property>-->
		<!--<property name="hbm2ddl.auto">create-drop</property> -->
		<property name="hibernate.hbm2ddl.auto">update</property>
		
				<!-- Show and print nice SQL on stdout -->
		<property name="show_sql">false</property> <!-- if true shows the generated queries>-->
		<!--<property name="log4j.logger.org.hibernate">info</property>-->
		<property name="log4j.logger.org.hibernate">debug</property>
		<property name="format_sql">true</property>
		<property name="dialect">org.hibernate.dialect.MySQL8Dialect</property>
		<!--<property name="globally_quoted_identifiers">true</property>-->
		
		<!-- List of XML mapping files -->
		<mapping resource="/it/aps/whistler/util/Account.hbm.xml" />
		<mapping resource="/it/aps/whistler/util/Post.hbm.xml" />
		<mapping resource="/it/aps/whistler/util/Keyword.hbm.xml" />
		<mapping resource="/it/aps/whistler/util/Comment.hbm.xml" />
	</session-factory>
</hibernate-configuration>