<?xml version="1.0" encoding="UTF-8"?>
<!DOCTYPE hibernate-configuration PUBLIC
    "-//Hibernate/Hibernate Configuration DTD 3.0//EN"
    "http://www.hibernate.org/dtd/hibernate-configuration-3.0.dtd">
<hibernate-configuration>
	<session-factory>
		<!-- Database connection settings -->
		<property name="hibernate.connection.driver_class">
			com.mysql.cj.jdbc.Driver
		</property>
		
		<property name="hibernate.connection.url">
			jdbc:mysql://localhost:3306/whistler_db?useSSL=false
		</property>
		
		<property name="connection.username">whistler</property>
		<property name="connection.password">Whistlerdbpass2!</property>
		<property name="connection.pool_size">1</property>

		<!-- Show and print nice SQL on stdout -->
		<!-- <property name="hibernate.hbm2ddl.auto">create</property>-->
		<!--<property name="hbm2ddl.auto">create-drop</property> -->
		<property name="hibernate.hbm2ddl.auto">update</property>
		<property name="show_sql">false</property> <!-- if true shows the generated queries>-->
		<property name="log4j.logger.org.hibernate">info</property>
		<property name="format_sql">true</property>
		<property name="dialect">org.hibernate.dialect.MySQL8Dialect</property>
		
		<!-- List of XML mapping files -->
		<mapping resource="/it/aps/whistler/util/Account.hbm.xml" />
	</session-factory>
</hibernate-configuration>